time,latitude,longitude,depth,mag,magType,nst,gap,dmin,rms,net,id,updated,place,type,horizontalError,depthError,magError,magNst,status,locationSource,magSource
2021-05-07T23:35:14.932Z,-18.8124,-177.4881,384,6.1,mww,,24,4.367,0.55,us,us7000e175,2021-05-09T01:58:41.277Z,Fiji region,earthquake,7.6,1.9,0.048,42,reviewed,us,us
2021-05-07T15:21:13.733Z,-54.4068,144.1948,10,6,mww,,50,8.604,0.66,us,us7000e13b,2021-05-08T15:23:53.845Z,west of Macquarie Island,earthquake,7.6,1.8,0.049,40,reviewed,us,us
2021-05-05T01:24:35.005Z,-2.0115,99.7149,23.11,5.7,mww,,42,3.927,0.92,us,us7000e07p,2021-05-06T04:56:11.040Z,"137 km SSW of Padang, Indonesia",earthquake,7.1,4.4,0.089,12,reviewed,us,us
2021-05-03T08:46:39.734Z,51.3044,100.4309,17.05,5.6,mww,,38,2.043,0.7,us,us7000dznc,2021-05-04T15:11:02.322Z,"27 km SW of Turt, Mongolia",earthquake,7.4,3.1,0.06,27,reviewed,us,us
2021-05-03T05:07:29.866Z,25.7309,123.9688,189.23,5.5,mww,,64,1.528,0.98,us,us7000dzma,2021-05-04T14:51:43.040Z,"154 km N of Ishigaki, Japan",earthquake,7.8,6.9,0.066,22,reviewed,us,us
2021-05-04T19:51:42.475Z,-20.7347,-173.7742,10,5.5,mww,,37,7.049,0.71,us,us7000e04m,2021-05-06T20:23:34.751Z,"118 km SSE of Pangai, Tonga",earthquake,9.9,0.8,0.066,22,reviewed,us,us
2021-05-07T11:45:25.446Z,14.092,-48.4121,10,5.5,mww,,23,9.851,0.8,us,us7000e0zu,2021-05-08T11:49:00.670Z,North Atlantic Ocean,earthquake,8.1,1.8,0.057,30,reviewed,us,us
2021-05-05T19:20:09.931Z,-56.9506,147.4675,10,5.4,mww,,90,14.057,0.45,us,us7000e0eu,2021-05-06T19:24:02.729Z,west of Macquarie Island,earthquake,11,1.9,0.098,10,reviewed,us,us
2021-05-05T01:17:25.924Z,-20.6631,-173.3712,10,5.2,mb,,77,6.886,1.32,us,us7000e07n,2021-05-05T01:35:08.040Z,"139 km SE of Pangai, Tonga",earthquake,6.9,1.9,0.095,36,reviewed,us,us
2021-05-08T04:19:07.155Z,31.9839,140.3214,79.86,5.2,mww,,27,1.206,1.26,us,us7000e196,2021-05-08T04:48:10.040Z,"Izu Islands, Japan region",earthquake,8.3,5,0.098,10,reviewed,us,us
2021-05-03T03:54:32.338Z,-18.2038,-173.1986,10,5.1,mb,,54,4.482,0.81,us,us7000dzlu,2021-05-03T04:14:25.040Z,"96 km ENE of Neiafu, Tonga",earthquake,11,1.9,0.058,96,reviewed,us,us
2021-05-05T15:35:45.619Z,-15.0776,168.0329,3.72,5.1,mww,,56,0.881,0.83,us,us7000e0bu,2021-05-06T07:59:57.856Z,"103 km E of Port-Olry, Vanuatu",earthquake,7.1,2.5,0.098,10,reviewed,us,us
2021-05-06T12:20:37.575Z,-16.5721,167.2405,10,5.1,mww,,44,1.119,1.14,us,us7000e0lw,2021-05-07T14:12:57.040Z,"55 km SSW of Lakatoro, Vanuatu",earthquake,7.1,1.8,0.066,22,reviewed,us,us
2021-05-08T04:13:58.490Z,-4.5948,-105.4043,10,5.1,mww,,174,27.147,0.76,us,us7000e195,2021-05-08T04:39:52.040Z,central East Pacific Rise,earthquake,10.2,1.8,0.098,10,reviewed,us,us
2021-05-08T18:17:29.744Z,-55.3914,-29.0804,16.38,5.1,mb,,47,9.861,0.93,us,us7000e1e0,2021-05-08T18:51:07.040Z,South Sandwich Islands region,earthquake,10.5,1.9,0.068,69,reviewed,us,us
2021-05-04T13:33:23.232Z,-17.6613,167.9346,9.28,5,mww,,82,2.31,0.61,us,us7000dzzu,2021-05-04T14:15:08.040Z,"41 km WNW of Port-Vila, Vanuatu",earthquake,5.6,4.1,0.098,10,reviewed,us,us
2021-05-04T18:10:44.537Z,37.1944,141.8417,18.25,5,mww,,60,2.985,0.64,us,us7000e03w,2021-05-06T18:18:32.145Z,"81 km ESE of Namie, Japan",earthquake,4.8,3.8,0.098,10,reviewed,us,us
2021-05-04T22:59:11.355Z,1.5198,127.2862,150.04,5,mww,,38,0.747,0.85,us,us7000e06n,2021-05-04T23:18:18.040Z,"81 km N of Ternate, Indonesia",earthquake,7.8,5.4,0.089,12,reviewed,us,us
2021-05-05T05:16:34.022Z,-20.7206,-173.283,49.13,5,mb,,107,6.924,1.27,us,us7000e08y,2021-05-05T05:32:41.040Z,"150 km SE of Pangai, Tonga",earthquake,11.1,8.7,0.092,38,reviewed,us,us
2021-05-06T06:21:23.631Z,6.8063,125.2138,23.92,5,mww,,62,0.447,1.08,us,us7000e0jz,2021-05-07T16:36:02.111Z,"2 km N of Bansalan, Philippines",earthquake,8,4.2,0.098,10,reviewed,us,us
2021-05-06T12:40:00.852Z,-29.5662,-176.0611,10,5,mb,,68,1.661,1.44,us,us7000e0ly,2021-05-06T13:08:29.040Z,Kermadec Islands region,earthquake,11.2,1.9,0.042,188,reviewed,us,us
2021-05-07T04:25:32.005Z,-25.6809,-176.0374,35,5,mww,,120,9.617,0.84,us,us7000e0wq,2021-05-07T16:46:50.040Z,south of the Fiji Islands,earthquake,8.5,1.9,0.098,10,reviewed,us,us
2021-05-07T06:46:25.293Z,-20.8593,-173.3502,10,5,mb,,83,7.072,1.04,us,us7000e0xp,2021-05-07T07:07:51.040Z,"156 km SE of Pangai, Tonga",earthquake,9.8,1.9,0.115,24,reviewed,us,us
2021-05-07T10:48:37.913Z,-56.5349,-26.7477,44.32,5,mb,,68,10.266,1.1,us,us7000e0zf,2021-05-07T11:08:35.040Z,South Sandwich Islands region,earthquake,11,7.6,0.073,61,reviewed,us,us
2021-05-09T23:33:37.615Z,46.6766,151.9866,65.88,5,mb,,60,6.338,0.6,us,us7000e1nt,2021-05-10T01:18:06.040Z,Kuril Islands,earthquake,7.1,5,0.024,560,reviewed,us,us
2021-05-10T01:59:17.917Z,-17.7609,-173.66,35,5,mb,,41,4.235,1.34,us,us7000e1ph,2021-05-10T02:27:09.403Z,"104 km NNE of Neiafu, Tonga",earthquake,8.3,1.9,0.041,195,reviewed,us,us
2021-05-04T16:47:43.935Z,52.4413,-170.5567,54.27,4.9,mb,,135,0.556,0.63,us,us7000e01a,2021-05-04T21:27:14.040Z,"127 km WSW of Nikolski, Alaska",earthquake,3.5,5.8,0.029,376,reviewed,us,us
2021-05-04T22:31:16.052Z,8.6972,94.1794,10,4.9,mb,,72,3.261,1.17,us,us7000e06d,2021-05-04T23:04:57.040Z,"Nicobar Islands, India region",earthquake,8.1,1.8,0.071,63,reviewed,us,us
2021-05-05T03:58:18.876Z,-54.6646,158.8389,11.58,4.9,mb,,96,0.179,0.28,us,us7000e08r,2021-05-05T22:39:17.040Z,Macquarie Island region,earthquake,8.4,4.5,0.11,26,reviewed,us,us
2021-05-05T08:59:24.518Z,-22.8065,171.0713,54.81,4.9,mb,,99,3.352,1.25,us,us7000e0a3,2021-05-05T09:25:00.040Z,southeast of the Loyalty Islands,earthquake,8.9,8.2,0.064,76,reviewed,us,us
2021-05-05T18:13:32.158Z,-0.1057,123.0904,114.17,4.9,mb,,51,0.982,1.06,us,us7000e0eb,2021-05-05T18:38:24.040Z,"71 km S of Gorontalo, Indonesia",earthquake,7,6.4,0.049,130,reviewed,us,us
2021-05-05T21:23:00.510Z,-30.6869,59.3701,10,4.9,mww,,56,10.022,0.67,us,us7000e0gn,2021-05-07T16:09:35.040Z,Southwest Indian Ridge,earthquake,4.5,1.8,0.093,11,reviewed,us,us
2021-05-06T12:11:08.245Z,-7.5184,127.8547,155.58,4.9,mb,,54,3.444,1.14,us,us7000e0lt,2021-05-06T12:44:04.076Z,"145 km NE of Lospalos, Timor Leste",earthquake,5.1,7,0.076,54,reviewed,us,us
2021-05-06T22:21:27.071Z,-5.6072,151.7168,35,4.9,mb,,66,1.475,0.78,us,us7000e0uf,2021-05-06T22:51:06.040Z,"152 km SSW of Kokopo, Papua New Guinea",earthquake,9.5,1.9,0.04,194,reviewed,us,us
2021-05-07T02:40:46.998Z,-15.7316,167.5558,46.52,4.9,mb,,108,0.442,0.8,us,us7000e0w4,2021-05-07T03:00:00.040Z,"40 km NNE of Norsup, Vanuatu",earthquake,8.9,7,0.077,53,reviewed,us,us
2021-05-07T08:08:20.254Z,49.5473,155.6436,10,4.9,mb,,133,3.791,1.03,us,us7000e0y8,2021-05-07T08:28:41.040Z,"130 km SSW of Severo-Kuril’sk, Russia",earthquake,2.7,1.9,0.029,364,reviewed,us,us
2021-05-09T02:03:46.568Z,61.5106,-140.5285,2.1,4.9,mb,,31,0.432,1.11,us,us7000e1gi,2021-05-09T02:25:05.040Z,"127 km E of McCarthy, Alaska",earthquake,3.7,4.5,0.042,180,reviewed,us,us
2021-05-09T05:42:36.810Z,-6.1952,154.6142,78.28,4.9,mb,,69,3.149,0.65,us,us7000e1i6,2021-05-09T06:04:34.040Z,"97 km W of Panguna, Papua New Guinea",earthquake,10.4,7.2,0.048,137,reviewed,us,us
2021-05-03T16:07:54.460Z,-21.9085,-177.343,350.61,4.8,mb,,138,5.994,0.76,us,us7000dzqf,2021-05-03T17:20:00.040Z,"235 km WSW of Haveluloto, Tonga",earthquake,11.2,8.8,0.059,91,reviewed,us,us
2021-05-04T19:33:00.014Z,43.3468,146.4972,57.47,4.8,mb,,101,2.799,0.86,us,us7000e04g,2021-05-04T21:26:06.040Z,"53 km SSW of Shikotan, Russia",earthquake,8.7,5.6,0.037,229,reviewed,us,us
2021-05-07T07:43:50.053Z,4.4628,127.3804,61.68,4.8,mb,,112,3.149,0.83,us,us7000e0y4,2021-05-07T08:01:22.040Z,"236 km ESE of Sarangani, Philippines",earthquake,9,3.3,0.066,71,reviewed,us,us
2021-05-08T19:42:03.796Z,-9.0264,-79.4465,35,4.8,mb,,147,3.9,0.87,us,us7000e1ej,2021-05-08T21:02:53.040Z,"87 km W of Puerto Santa, Peru",earthquake,5.1,2,0.052,115,reviewed,us,us
2021-05-09T16:23:46.229Z,49.3763,155.8318,71.61,4.8,mb,,100,3.916,0.64,us,us7000e1li,2021-05-09T17:02:15.040Z,"146 km S of Severo-Kuril’sk, Russia",earthquake,9.8,7,0.034,276,reviewed,us,us
2021-05-04T15:18:22.803Z,-33.9029,-72.3927,10,4.7,mb,,154,0.693,0.34,us,us7000e00q,2021-05-04T18:14:35.848Z,"80 km WSW of San Antonio, Chile",earthquake,5.1,1.8,0.121,21,reviewed,us,us
2021-05-08T12:07:39.518Z,31.9384,140.5507,75.54,4.7,mb,,113,1.328,1.01,us,us7000e1bq,2021-05-08T12:43:25.040Z,"Izu Islands, Japan region",earthquake,7,7.4,0.035,245,reviewed,us,us
2021-05-08T17:01:46.320Z,-24.6238,-177.4757,118.49,4.7,mb,,129,11.935,0.64,us,us7000e1dv,2021-05-08T21:03:02.040Z,south of the Fiji Islands,earthquake,14.9,7,0.068,71,reviewed,us,us
2021-05-07T04:35:14.150Z,39.461,-120.3145,10.12,4.65,mw,19,50,0.03461,0.09,nc,nc73559265,2021-05-10T04:03:36.527Z,"19km NW of Truckee, CA",earthquake,0.24,0.54,,3,reviewed,nc,nc
2021-05-03T11:42:39.734Z,36.6935,94.1681,10,4.6,mb,,103,10.699,0.61,us,us7000dzp8,2021-05-03T12:10:04.040Z,"northern Qinghai, China",earthquake,10.2,1.9,0.08,47,reviewed,us,us
2021-05-03T11:46:46.713Z,-6.2098,-81.5446,10,4.6,mb,,131,6.235,0.49,us,us7000dzp9,2021-05-03T12:30:44.040Z,"107 km SW of Sechura, Peru",earthquake,7.6,1.7,0.078,49,reviewed,us,us
2021-05-03T12:50:33.787Z,1.2214,126.4766,48.09,4.6,mb,,88,0.995,1.05,us,us7000dzph,2021-05-03T13:12:07.040Z,"111 km WNW of Ternate, Indonesia",earthquake,4.7,7.6,0.088,38,reviewed,us,us
2021-05-03T19:29:38.366Z,-20.5122,-178.3143,569.18,4.6,mb,,102,4.401,1.13,us,us7000dzsv,2021-05-03T20:04:37.040Z,Fiji region,earthquake,15.5,7.5,0.055,97,reviewed,us,us
2021-05-03T20:47:22.202Z,-15.0874,-72.7012,115.01,4.6,mb,,144,3.969,0.81,us,us7000dzu1,2021-05-07T02:04:08.351Z,"3 km SSW of Puyca, Peru",earthquake,7,11.8,0.137,16,reviewed,us,us
2021-05-04T08:01:47.783Z,-4.8486,-76.552,113.52,4.6,mb,,139,4.776,0.74,us,us7000dzyk,2021-05-04T08:20:24.040Z,"13 km E of Barranca, Peru",earthquake,9.6,7.1,0.039,193,reviewed,us,us
2021-05-04T16:05:23.447Z,24.4992,122.9117,95.54,4.6,mb,,62,0.096,0.73,us,us7000e011,2021-05-04T16:46:45.040Z,"9 km WNW of Yonakuni, Japan",earthquake,6.9,4.1,0.152,13,reviewed,us,us
2021-05-05T05:05:51.420Z,-15.5822,-173.578,67.89,4.6,mb,,69,2.405,0.9,us,us7000e08x,2021-05-05T05:24:35.040Z,"47 km NNE of Hihifo, Tonga",earthquake,9.9,7.3,0.036,229,reviewed,us,us
2021-05-05T07:42:35.318Z,40.2803,143.4043,12.43,4.6,mb,,151,1.743,0.67,us,us7000e09t,2021-05-05T09:31:00.040Z,"off the east coast of Honshu, Japan",earthquake,8.7,4.7,0.112,24,reviewed,us,us
2021-05-05T14:08:31.278Z,51.2054,158.5475,4.7,4.6,mb,,,,0.66,ak,ak0215qyl4ef,2021-05-05T20:37:45.091Z,"146 km ESE of Ozernovskiy, Russia",earthquake,,11.7,,,automatic,ak,ak
2021-05-06T04:29:23.144Z,13.5574,125.2026,10,4.6,mb,,136,10.941,0.47,us,us7000e0jh,2021-05-06T23:34:46.040Z,"91 km ESE of Gigmoto, Philippines",earthquake,15.2,1.9,0.092,35,reviewed,us,us
2021-05-06T05:27:27.708Z,-15.6509,-177.4828,416.29,4.6,mb,,99,4.757,0.87,us,us7000e0jn,2021-05-06T06:04:07.040Z,"162 km SSE of Alo, Wallis and Futuna",earthquake,13.3,6.8,0.029,353,reviewed,us,us
2021-05-06T12:18:03.669Z,-21.2816,-68.5422,113.11,4.6,mb,,43,0.913,1.08,us,us7000e0lu,2021-05-07T03:23:57.509Z,"135 km NNE of Calama, Chile",earthquake,5.3,6.5,0.037,217,reviewed,us,us
2021-05-06T13:31:12.761Z,16.561,-100.07,10,4.6,mb,,209,1.749,1.07,us,us7000e0mw,2021-05-06T23:15:01.075Z,"36 km SSW of Acapulco de Juárez, Mexico",earthquake,8.7,2,0.032,285,reviewed,us,us
2021-05-07T07:10:43.725Z,6.0555,125.9646,140.88,4.6,mb,,110,1.077,0.45,us,us7000e0xq,2021-05-07T07:38:48.040Z,"29 km E of Lamitan, Philippines",earthquake,9.2,7.7,0.058,90,reviewed,us,us
2021-05-07T15:01:40.670Z,-21.9266,-68.7616,116.74,4.6,mwr,,42,0.464,1.21,us,us7000e12z,2021-05-07T16:54:52.793Z,"61 km NNE of Calama, Chile",earthquake,5.3,4.2,0.058,29,reviewed,us,us
2021-05-08T02:29:21.909Z,-21.8887,-67.5035,231.77,4.6,mb,,74,1.229,0.92,us,us7000e18h,2021-05-08T02:44:55.040Z,"134 km NNE of San Pedro de Atacama, Chile",earthquake,5.2,8.4,0.172,11,reviewed,us,us
2021-05-09T09:42:47.689Z,-10.9145,114.9245,10,4.6,mb,,112,2.545,0.93,us,us7000e1jn,2021-05-09T10:00:08.040Z,"236 km S of Nusa Dua, Indonesia",earthquake,8.1,1.9,0.1,30,reviewed,us,us
2021-05-03T07:46:55.463Z,-16.4885,-174.354,177.05,4.5,mb,,89,3.569,0.58,us,us7000dzmz,2021-05-03T08:15:23.040Z,"83 km SW of Hihifo, Tonga",earthquake,11.8,7.4,0.038,207,reviewed,us,us
2021-05-03T13:58:10.741Z,-14.4073,167.3736,182.15,4.5,mb,,80,1.046,0.62,us,us7000dzpt,2021-05-03T14:32:57.040Z,"61 km SSW of Sola, Vanuatu",earthquake,11.4,3.4,0.077,49,reviewed,us,us
2021-05-03T15:19:58.115Z,53.7315,160.3482,80.84,4.5,mb,,155,1.24,0.5,us,us7000dzq0,2021-05-03T16:00:54.040Z,"136 km ENE of Petropavlovsk-Kamchatsky, Russia",earthquake,11.2,8.5,0.052,111,reviewed,us,us
2021-05-03T19:13:39.018Z,38.4469,73.5005,114.56,4.5,mb,,100,1.678,0.63,us,us7000dzsf,2021-05-03T19:34:25.031Z,"51 km NW of Murghob, Tajikistan",earthquake,8.2,9.9,0.113,23,reviewed,us,us
2021-05-04T19:50:22.686Z,0.4531,126.2206,39.83,4.5,mb,,58,1.189,0.9,us,us7000e04p,2021-05-04T21:52:01.040Z,"134 km WSW of Ternate, Indonesia",earthquake,6.1,8.1,0.106,30,reviewed,us,us
2021-05-05T07:47:11.795Z,-8.0667,-74.4735,154.54,4.5,mb,,113,1.783,0.81,us,us7000e09u,2021-05-05T08:50:01.040Z,"35 km NNE of Pucallpa, Peru",earthquake,9.1,8.3,0.084,41,reviewed,us,us
2021-05-05T17:15:49.992Z,52.2344,173.5307,35.61,4.5,mb,,124,0.605,0.8,us,us7000e0du,2021-05-05T21:19:11.040Z,"72 km SSE of Attu Station, Alaska",earthquake,8.7,8.3,0.045,148,reviewed,us,us
2021-05-06T07:07:18.480Z,42.6152,79.41,10,4.5,mb,,145,0.714,0.47,us,us7000e0k7,2021-05-06T08:02:57.541Z,"47 km SSE of Kegen, Kazakhstan",earthquake,2.9,1.8,0.115,22,reviewed,us,us
2021-05-06T13:17:10.256Z,5.3069,126.2939,58.61,4.5,mb,,116,4.63,1.06,us,us7000e0mr,2021-05-06T14:17:54.040Z,"92 km E of Sarangani, Philippines",earthquake,9.4,4.2,0.11,25,reviewed,us,us
2021-05-06T23:26:59.592Z,-18.7846,-177.3243,574.52,4.5,mb,,132,4.512,0.68,us,us7000e0uy,2021-05-07T00:01:19.040Z,Fiji region,earthquake,13.5,9.2,0.106,26,reviewed,us,us
2021-05-07T21:24:18.776Z,22.7945,120.8912,10,4.5,mb,,63,0.175,1.01,us,us7000e16a,2021-05-08T11:20:42.128Z,"57 km SE of Yujing, Taiwan",earthquake,5,1.6,0.066,68,reviewed,us,us
2021-05-08T00:38:16.083Z,50.629,154.5759,190.34,4.5,mb,,124,3.148,0.64,us,us7000e17m,2021-05-09T00:31:44.040Z,"109 km W of Severo-Kuril’sk, Russia",earthquake,9.4,6.8,0.044,149,reviewed,us,us
2021-05-08T08:38:39.526Z,8.6079,126.8073,10.83,4.5,mb,,126,1.953,0.65,us,us7000e1ag,2021-05-08T12:02:36.040Z,"58 km ENE of Hinatuan, Philippines",earthquake,11,6,0.108,25,reviewed,us,us
2021-05-09T01:30:09.601Z,-1.1686,10.0804,15.82,4.5,mb,,90,4.915,0.55,us,us7000e1gd,2021-05-09T06:01:04.780Z,"54 km SSW of Lambaréné, Gabon",earthquake,12.7,5.4,0.106,27,reviewed,us,us
2021-05-09T20:22:44.269Z,-4.873,153.5538,62.69,4.5,mb,,130,1.542,0.62,us,us7000e1mm,2021-05-09T20:40:53.040Z,"154 km ESE of Kokopo, Papua New Guinea",earthquake,9.4,5.1,0.115,22,reviewed,us,us
2021-05-10T00:39:52.930Z,43.903,146.7272,84.78,4.5,mb,,136,2.99,0.43,us,us7000e1p5,2021-05-10T01:06:20.040Z,"11 km N of Shikotan, Russia",earthquake,9.3,8.3,0.061,78,reviewed,us,us
2021-05-03T04:42:30.671Z,-18.0366,-178.3856,590.27,4.4,mb,,141,3.403,0.83,us,us7000dzm7,2021-05-03T05:18:19.040Z,"243 km E of Levuka, Fiji",earthquake,15.8,9.2,0.071,56,reviewed,us,us
2021-05-04T15:02:02.384Z,34.0209,25.664,10,4.4,mb,,127,1.416,0.5,us,us7000e00l,2021-05-04T15:36:12.040Z,"109 km S of Néa Anatolí, Greece",earthquake,3.5,1.9,0.094,35,reviewed,us,us
2021-05-04T19:54:31.405Z,-22.4918,-67.7082,193.77,4.4,mb,,110,0.631,1.01,us,us7000e04n,2021-05-05T03:29:58.894Z,"68 km NE of San Pedro de Atacama, Chile",earthquake,8.1,11.6,0.267,4,reviewed,us,us
2021-05-05T23:40:34.510Z,36.3578,27.6461,84.53,4.4,mb,,81,0.409,1.1,us,us7000e0hk,2021-05-06T08:12:00.978Z,"23 km NW of Émponas, Greece",earthquake,6.2,8,0.078,47,reviewed,us,us
2021-05-06T01:22:51.557Z,-22.1472,-68.5731,116.56,4.4,mb,,53,0.88,0.85,us,us7000e0ia,2021-05-06T21:58:17.040Z,"49 km NE of Calama, Chile",earthquake,4.2,7.2,0.149,13,reviewed,us,us
2021-05-07T02:16:54.183Z,-2.87,129.7462,10,4.4,mb,,123,2.5,1.14,us,us7000e0vy,2021-05-07T02:54:12.040Z,"105 km ENE of Amahai, Indonesia",earthquake,9,1.9,0.178,9,reviewed,us,us
2021-05-07T03:08:07.642Z,37.6476,19.7678,10,4.4,mb,,130,1.78,0.93,us,us7000e0w6,2021-05-07T03:35:18.040Z,"85 km SW of Lixoúri, Greece",earthquake,2.6,2,0.267,5,reviewed,us,us
2021-05-07T10:29:39.724Z,-12.031,166.7089,160.06,4.4,mb,,107,3.429,0.64,us,us7000e0zg,2021-05-07T13:13:50.040Z,"175 km SE of Lata, Solomon Islands",earthquake,10.5,7.6,0.075,53,reviewed,us,us
2021-05-07T19:48:44.931Z,35.285,46.4527,10,4.4,mb,,58,0.622,0.9,us,us7000e15j,2021-05-08T11:52:41.949Z,"28 km NNE of Pāveh, Iran",earthquake,4.8,1.9,0.06,87,reviewed,us,us
2021-05-08T02:31:24.849Z,11.9811,-59.8701,10,4.4,mb,,134,1.194,1.29,us,us7000e18i,2021-05-08T02:57:31.040Z,"125 km SSW of Oistins, Barbados",earthquake,5.6,1.9,0.121,20,reviewed,us,us
2021-05-08T07:47:03.783Z,-6.6996,129.939,125.68,4.4,mb,,100,1.855,0.78,us,us7000e1a4,2021-05-08T08:07:15.040Z,Banda Sea,earthquake,10,8.4,0.12,20,reviewed,us,us
2021-05-08T08:13:52.766Z,38.192,-117.8644,5.2,4.4,ml,26,39.68,0.031,0.1236,nn,nn00806762,2021-05-09T08:16:06.258Z,"30 km SE of Mina, Nevada",earthquake,,0.9,0.22,9,reviewed,nn,nn
2021-05-08T11:29:31.300Z,-4.2266,102.4183,80.77,4.4,mb,,193,0.552,0.55,us,us7000e1be,2021-05-08T11:54:57.040Z,"50 km SSE of Bengkulu, Indonesia",earthquake,7.5,6.5,0.13,18,reviewed,us,us
2021-05-08T16:57:28.569Z,36.6501,141.7849,6.02,4.4,mb,,125,2.879,0.74,us,us7000e1dk,2021-05-08T21:28:24.040Z,"91 km ESE of Iwaki, Japan",earthquake,6.7,4.8,0.08,48,reviewed,us,us
2021-05-09T01:53:36.422Z,37.235,71.6743,115.73,4.4,mb,,76,0.883,1.28,us,us7000e1gh,2021-05-09T02:31:04.040Z,"30 km SSE of Khorugh, Tajikistan",earthquake,7.8,8.5,0.267,7,reviewed,us,us
2021-05-09T03:19:29.349Z,-3.8475,131.2344,10,4.4,mb,,107,1.369,0.91,us,us7000e1hc,2021-05-09T03:45:11.040Z,"259 km NW of Tual, Indonesia",earthquake,6.4,1.9,0.239,5,reviewed,us,us
2021-05-09T14:44:32.935Z,-27.7551,-71.3319,55.32,4.4,mb,,155,0.502,0.59,us,us7000e1kz,2021-05-09T17:52:16.201Z,"106 km NNW of Vallenar, Chile",earthquake,6.2,9.1,0.311,3,reviewed,us,us
2021-05-09T16:05:01.634Z,47.4669,151.4748,149.08,4.4,mb,,117,5.959,0.38,us,us7000e1ld,2021-05-09T17:08:53.040Z,Kuril Islands,earthquake,6,6.6,0.042,159,reviewed,us,us
2021-05-04T17:52:56.565Z,-22.846,-68.7686,113.98,4.3,mb,,48,0.554,0.72,us,us7000e03p,2021-05-04T19:24:23.040Z,"45 km SSE of Calama, Chile",earthquake,5.4,5.4,0.161,13,reviewed,us,us
2021-05-04T22:28:10.070Z,42.3941,144.5741,35,4.3,mb,,133,1.118,0.67,us,us7000e06e,2021-05-04T23:33:09.040Z,"66 km SSE of Kushiro, Japan",earthquake,4.6,2,0.102,27,reviewed,us,us
2021-05-06T15:15:14.057Z,42.2786,142.4265,81.47,4.3,mb,,73,0.603,0.86,us,us7000e0nu,2021-05-06T20:40:31.040Z,"7 km SE of Shizunai-furukawachō, Japan",earthquake,6.2,7.7,0.078,51,reviewed,us,us
2021-05-06T23:44:23.754Z,3.043,-84.2656,10,4.3,mb,,83,5.415,0.9,us,us7000e0uz,2021-05-07T00:11:33.040Z,off the coast of Central America,earthquake,8.3,1.9,0.086,38,reviewed,us,us
2021-05-07T09:25:24.795Z,-8.3187,120.7162,184.2,4.3,mb,,133,1.537,0.16,us,us7000e0yv,2021-05-07T10:01:48.040Z,"42 km NE of Ruteng, Indonesia",earthquake,12.1,9.3,0.16,11,reviewed,us,us
2021-05-07T13:17:10.717Z,-10.786,121.9123,10,4.3,mb,,75,2.16,0.47,us,us7000e11i,2021-05-09T21:14:17.040Z,"197 km WSW of Kupang, Indonesia",earthquake,5.1,1.9,0.13,17,reviewed,us,us
2021-05-08T11:41:45.246Z,36.2784,27.1579,10,4.3,mb,,74,0.729,0.57,us,us7000e1bg,2021-05-08T13:43:05.991Z,"Dodecanese Islands, Greece",earthquake,4.9,1.7,0.148,13,reviewed,us,us
2021-05-03T05:26:47.554Z,21.687,142.9946,291.03,4.2,mb,,44,5.435,0.83,us,us7000dzme,2021-05-03T06:58:29.040Z,Mariana Islands region,earthquake,7.7,6.7,0.067,64,reviewed,us,us
2021-05-03T21:57:14.939Z,38.261,75.6386,125.94,4.2,mb,,103,3.231,0.9,us,us7000dzus,2021-05-03T22:46:02.040Z,"137 km SSW of Kashgar, China",earthquake,8.2,7.5,0.11,23,reviewed,us,us
2021-05-04T19:20:46.393Z,-6.6149,130.326,91.54,4.2,mb,,97,1.666,0.82,us,us7000e04d,2021-05-04T20:50:38.040Z,"289 km WSW of Tual, Indonesia",earthquake,6.8,7.7,0.096,37,reviewed,us,us
2021-05-06T00:19:44.861Z,54.2976,-161.3428,29.99,4.2,mwr,,167,1.092,0.96,us,us7000e0ht,2021-05-06T15:11:02.749Z,"105 km SE of King Cove, Alaska",earthquake,6.8,5.6,0.053,34,reviewed,us,us
2021-05-06T23:50:28.601Z,-23.9709,-67.0885,230.57,4.2,mb,,104,1.425,0.92,us,us7000e0v0,2021-05-07T00:37:10.085Z,"82 km WNW of San Antonio de los Cobres, Argentina",earthquake,9.5,7.9,0.215,6,reviewed,us,us
2021-05-07T21:46:29.910Z,-5.0388,-80.6174,52.94,4.2,mb,,114,4.775,0.72,us,us7000e16g,2021-05-09T00:11:09.040Z,"16 km SSE of Sullana, Peru",earthquake,10.5,8.6,0.176,9,reviewed,us,us
2021-05-08T05:38:28.901Z,39.8481,143.8945,10,4.2,mb,,188,2.235,0.49,us,us7000e19f,2021-05-08T08:33:27.040Z,"168 km E of Miyako, Japan",earthquake,7.8,2,0.159,11,reviewed,us,us
2021-05-08T21:46:42.162Z,29.8218,50.5272,10,4.2,mb,,83,3.59,0.32,us,us7000e1fd,2021-05-08T22:12:56.975Z,"26 km N of Bandar-e Genāveh, Iran",earthquake,7,1.9,0.113,22,reviewed,us,us
2021-05-04T08:54:10.101Z,-34.5891,-73.0962,19.04,4.1,mb,,97,1.047,0.68,us,us7000dzyn,2021-05-05T01:44:44.040Z,"103 km NW of Constitución, Chile",earthquake,5.1,6,0.234,6,reviewed,us,us
2021-05-07T16:19:50.201Z,-24.1309,-67.2027,205.18,4.1,ml,,100,1.476,0.64,us,us7000e13x,2021-05-07T23:14:50.062Z,"90 km W of San Antonio de los Cobres, Argentina",earthquake,10.4,8.8,,,reviewed,us,guc
2021-05-08T06:38:25.283Z,16.7856,-94.6245,97.07,4.1,mb,,128,2.438,0.78,us,us7000e19q,2021-05-08T08:04:06.040Z,"14 km SSE of Santa María Chimalapa, Mexico",earthquake,7.9,13.6,0.166,10,reviewed,us,us
2021-05-03T15:49:56.755Z,-19.4185,-69.3907,97.55,4,mb,,96,0.31,0.36,us,us7000dzq9,2021-05-04T00:34:36.009Z,"118 km NE of Iquique, Chile",earthquake,4.8,5.8,0.184,8,reviewed,us,us
2021-05-08T12:31:28.758Z,15.8131,-60.9206,35,4,mb,,202,0.373,0.49,us,us7000e1bv,2021-05-08T13:02:00.040Z,"42 km E of Grand-Bourg, Guadeloupe",earthquake,3.4,2,0.3,3,reviewed,us,us
2021-05-06T13:08:57.060Z,17.9493,-67.0056,9,3.81,md,25,215,0.0436,0.12,pr,pr2021126010,2021-05-07T13:10:55.240Z,"5 km ESE of La Parguera, Puerto Rico",earthquake,0.38,0.42,0.09,12,reviewed,pr,pr
2021-05-03T00:28:57.541Z,54.2835,-161.3555,10,3.8,mb,,195,0.89,0.9,us,us7000dzl1,2021-05-08T21:19:54.040Z,"106 km SE of King Cove, Alaska",earthquake,4.2,2,0.16,10,reviewed,us,us
2021-05-04T21:58:36.022Z,-20.6693,-70.1736,32.71,3.8,ml,,169,0.103,0.31,us,us7000e05q,2021-05-04T22:41:09.465Z,"50 km S of Iquique, Chile",earthquake,4.5,4.6,0.069,28,reviewed,us,us
2021-05-06T11:35:32.202Z,39.7497,-97.9905,5,3.8,mb_lg,,56,1.25,0.53,us,us7000e0ln,2021-05-07T11:38:01.822Z,"3 km S of Formoso, Kansas",earthquake,2.7,2,0.039,175,reviewed,us,us
2021-05-08T08:37:00.424Z,44.218,-129.2003,10,3.8,mb,,192,3.747,0.76,us,us7000e1ad,2021-05-08T09:25:46.888Z,off the coast of Oregon,earthquake,10.7,2,0.124,17,reviewed,us,us
2021-05-09T18:41:23.049Z,26.774,92.4738,10,3.8,mb,,92,1.324,0.76,us,us7000e1n0,2021-05-09T21:29:04.181Z,"7 km N of Dhekiajuli, India",earthquake,4.7,1.9,0.161,10,reviewed,us,us
2021-05-05T08:58:30.010Z,31.4775,-115.6811667,13.27,3.71,ml,11,105,0.1229,0.21,ci,ci39641111,2021-05-05T14:36:37.491Z,"88km ESE of Maneadero, B.C., MX",earthquake,0.48,0.89,0.181,77,reviewed,ci,ci
2021-05-09T04:14:44.530Z,19.2703,-67.2843,25,3.71,md,28,218,0.8213,0.44,pr,pr2021129003,2021-05-09T06:25:35.357Z,"88 km NNW of San Antonio, Puerto Rico",earthquake,1.54,29.18,0.11,24,reviewed,pr,pr
2021-05-04T07:19:16.271Z,18.2672,-62.9912,30.56,3.7,ml,,201,0.23,0.8,us,us7000dzy5,2021-05-06T03:20:00.200Z,"8 km NE of The Valley, Anguilla",earthquake,5.7,11.3,0.046,63,reviewed,us,us
2021-05-09T06:24:28.730Z,18.2035,-68.296,97,3.69,md,27,200,0.3219,0.46,pr,pr2021129004,2021-05-09T07:29:40.296Z,"38 km ESE of Boca de Yuma, Dominican Republic",earthquake,2.95,1.42,0.08,13,reviewed,pr,pr
2021-05-03T02:39:40.040Z,18.589,-68.5265,88,3.67,md,22,207,0.1634,0.05,pr,pr2021123001,2021-05-06T21:22:13.040Z,"12 km W of Punta Cana, Dominican Republic",earthquake,9.48,1.38,0.14,12,reviewed,pr,pr
2021-05-04T02:27:27.421Z,51.5397,-175.2075,35,3.6,ml,,207,0.729,0.42,us,us7000dzxf,2021-05-05T00:11:50.040Z,"100 km SW of Atka, Alaska",earthquake,4.5,2,0.128,8,reviewed,us,us
2021-05-05T00:23:39.203Z,60.0553,-151.7062,46.8,3.6,ml,,,,0.86,ak,ak0215qqbe5w,2021-05-05T16:42:53.126Z,"2 km WNW of Ninilchik, Alaska",earthquake,,0.3,,,reviewed,ak,ak
2021-05-06T02:10:30.098Z,52.7758,-168.2844,35,3.6,mb,,199,0.674,0.45,us,us7000e0it,2021-05-06T22:48:36.040Z,"42 km ESE of Nikolski, Alaska",earthquake,6.3,2,0.121,17,reviewed,us,us
2021-05-09T19:26:12.021Z,38.1706,-117.9699,1.9,3.6,ml,27,41.39,0.031,0.0977,nn,nn00806865,2021-05-10T01:00:09.566Z,"27 km SSE of Mina, Nevada",earthquake,,0.6,0.14,13,reviewed,nn,nn
2021-05-05T18:04:23.243Z,67.6162,-158.9392,0,3.5,ml,,,,0.82,ak,ak0215r0x37j,2021-05-05T21:24:32.040Z,"75 km NW of Ambler, Alaska",earthquake,,1,,,automatic,ak,ak
2021-05-07T07:44:44.630Z,19.3751,-67.0741,23,3.46,md,17,295,0.9084,0.36,pr,pr2021127002,2021-05-07T09:51:55.821Z,"96 km N of Isabela, Puerto Rico",earthquake,1.32,26.43,0.04,7,reviewed,pr,pr
2021-05-08T12:45:46.350Z,18.8721,-68.0235,34,3.45,md,25,174,0.5064,0.68,pr,pr2021128010,2021-05-08T13:21:30.344Z,"51 km NE of Punta Cana, Dominican Republic",earthquake,2.2,8.67,0.12,17,reviewed,pr,pr
2021-05-09T01:55:40.450Z,33.8448333,-118.4446667,14.5,3.45,mlr,114,122,0.09724,0.27,ci,ci39645599,2021-05-10T03:53:08.482Z,"5km WSW of Hermosa Beach, CA",earthquake,0.28,0.42,0.145,291,reviewed,ci,ci
2021-05-06T13:02:31.210Z,17.9315,-67.0126,10,3.42,md,23,228,0.0494,0.21,pr,pr2021126011,2021-05-07T13:04:20.473Z,"6 km SE of La Parguera, Puerto Rico",earthquake,0.57,0.48,0.26,18,reviewed,pr,pr
2021-05-03T00:16:47.730Z,54.1971,-161.2685,10,3.4,mb,,197,1.167,0.66,us,us7000dzkw,2021-05-03T00:33:18.040Z,"117 km SE of King Cove, Alaska",earthquake,4.6,2,0.244,4,reviewed,us,us
2021-05-03T10:46:54.211Z,31.70002186,-104.150933,7.314135742,3.4,ml,23,48,0.107561832,0.2,tx,tx2021ipss,2021-05-04T10:49:25.041Z,"52 km W of Mentone, Texas",earthquake,0.905920094,1.098790369,0.1,10,reviewed,tx,tx
2021-05-07T15:58:13.480Z,56.4821,-148.5015,10,3.4,ml,,251,2.579,0.26,us,us7000e13p,2021-05-07T19:01:35.040Z,"261 km ESE of Chiniak, Alaska",earthquake,4.8,2,0.053,46,reviewed,us,us
2021-05-08T16:57:09.020Z,18.9391,-67.5468,21,3.4,md,23,302,0.5588,0.3,pr,pr2021128013,2021-05-08T17:39:32.040Z,"68 km NW of San Antonio, Puerto Rico",earthquake,1.2,20.52,0.07,16,reviewed,pr,pr
2021-05-08T19:49:23.136Z,60.3219,-151.1351,42.6,3.4,ml,,,,0.78,ak,ak0215w0e7jj,2021-05-08T21:52:13.641Z,"7 km ESE of Kasilof, Alaska",earthquake,,0.4,,,reviewed,ak,ak
2021-05-03T18:26:09.980Z,18.014,-66.7613,14,3.38,md,25,139,0.1241,0.3,pr,pr2021123006,2021-05-04T00:41:28.029Z,"0 km ESE of Magas Arriba, Puerto Rico",earthquake,0.45,0.63,0.09,18,reviewed,pr,pr
2021-05-04T12:36:14.340Z,36.7290001,-120.9735031,0.63,3.38,ml,52,143,0.1593,0.22,nc,nc73557990,2021-05-07T04:58:25.519Z,"27km NE of Pinnacles, CA",earthquake,0.39,6.79,0.236,23,automatic,nc,nc
2021-05-04T05:54:38.438Z,18.2525,-63.0821,33.97,3.3,ml,,199,0.201,0.38,us,us7000dzxe,2021-05-04T21:09:12.209Z,"4 km NNW of The Valley, Anguilla",earthquake,8.3,8.1,0.05,53,reviewed,us,us
2021-05-09T19:43:45.362Z,54.1622,-162.802,13.16,3.3,ml,,185,1.173,0.55,us,us7000e1mg,2021-05-09T19:50:06.040Z,"86 km SSE of False Pass, Alaska",earthquake,5.7,3.9,0.088,17,reviewed,us,us
2021-05-09T23:34:00.560Z,56.2325,-158.1089,96.4,3.3,ml,,,,0.83,ak,ak0215xq80zc,2021-05-09T23:43:23.040Z,"19 km ESE of Chignik, Alaska",earthquake,,0.4,,,automatic,ak,ak
2021-05-03T21:35:22.750Z,18.4898,-67.965,93,3.26,md,9,168,0.4171,0.35,pr,pr2021123008,2021-05-03T22:07:35.550Z,Mona Passage,earthquake,3,1.92,0.18,8,reviewed,pr,pr
2021-05-07T04:26:31.810Z,39.4593315,-120.3143311,8.63,3.24,ml,20,65,0.2112,0.1,nc,nc73559260,2021-05-08T01:10:55.687Z,"18km NW of Truckee, CA",earthquake,0.31,1.19,0.21,13,automatic,nc,nc
2021-05-09T09:09:33.830Z,34.0253334,-117.2298355,16.23,3.24,ml,104,16,0.09107,0.17,ci,ci39645767,2021-05-10T00:31:22.525Z,"4km SE of Loma Linda, CA",earthquake,0.21,0.47,0.223,17,reviewed,ci,ci
2021-05-06T13:06:07.420Z,17.9456,-67.0036,7,3.23,md,18,217,0.0471,0.2,pr,pr2021126022,2021-05-06T23:46:52.254Z,"5 km SE of La Parguera, Puerto Rico",earthquake,0.59,0.28,0.09,6,reviewed,pr,pr
2021-05-06T13:13:31.970Z,17.9451,-67.0066,10,3.23,md,21,218,0.0448,0.09,pr,pr2021126012,2021-05-06T15:46:51.390Z,"5 km SE of La Parguera, Puerto Rico",earthquake,0.44,0.45,0.22,12,reviewed,pr,pr
2021-05-06T19:59:31.069Z,44.9423,17.2875,5.92,3.2,ml,,119,0.207,0.31,us,us7000e0sx,2021-05-09T09:47:07.847Z,"3 km NNW of Laktaši, Bosnia and Herzegovina",earthquake,4.5,5.8,0.053,46,reviewed,us,us
2021-05-08T11:04:43.522Z,38.6894,-97.0353,6.25,3.2,mb_lg,,90,0.528,0.28,us,us7000e1b1,2021-05-08T14:41:52.185Z,"3 km E of Hope, Kansas",earthquake,3.5,7.7,0.038,181,reviewed,us,us
2021-05-08T17:04:55.583Z,38.7069,-97.0326,2.79,3.2,mb_lg,,112,0.513,0.27,us,us7000e1dm,2021-05-08T17:25:43.416Z,"4 km ENE of Hope, Kansas",earthquake,3.3,3.3,0.042,154,reviewed,us,us
2021-05-06T05:56:22.770Z,18.8155,-67.3516,5,3.19,md,20,219,0.423,0.27,pr,pr2021126004,2021-05-06T07:03:27.753Z,Mona Passage,earthquake,0.79,1.09,0.1,12,reviewed,pr,pr
2021-05-05T15:51:25.630Z,18.088,-66.745,18,3.12,md,15,65,0.1459,0.23,pr,pr2021125004,2021-05-06T08:04:52.633Z,"2 km NNE of Santo Domingo, Puerto Rico",earthquake,0.42,0.79,0.09,10,reviewed,pr,pr
2021-05-04T10:07:51.810Z,17.888,-66.8715,13,3.11,md,20,233,0.1909,0.17,pr,pr2021124005,2021-05-04T15:38:37.705Z,"10 km SSE of Guánica, Puerto Rico",earthquake,0.72,0.39,0.03,9,reviewed,pr,pr
2021-05-08T16:55:29.080Z,18.8923,-67.4948,40,3.11,md,10,298,0.5081,0.24,pr,pr2021128014,2021-05-08T17:31:30.935Z,"60 km NW of San Antonio, Puerto Rico",earthquake,1.52,6.3,0.06,7,reviewed,pr,pr
2021-05-06T13:25:34.170Z,17.9591,-67.01,9,3.1,md,18,211,0.0357,0.18,pr,pr2021126014,2021-05-06T16:34:33.602Z,"4 km ESE of La Parguera, Puerto Rico",earthquake,0.5,0.65,0.26,5,reviewed,pr,pr
2021-05-06T18:20:33.736Z,39.7458,-98.0121,5,3.1,mb_lg,,121,1.263,0.55,us,us7000e0s5,2021-05-07T06:08:37.056Z,"4 km SSW of Formoso, Kansas",earthquake,2.1,1.2,0.047,121,reviewed,us,us
2021-05-07T03:49:57.649Z,54.7078,-160.6265,16.31,3.1,ml,,189,0.613,0.38,us,us7000e0wg,2021-05-07T04:03:36.040Z,"70 km S of Sand Point, Alaska",earthquake,3.3,7.7,0.091,16,reviewed,us,us
2021-05-07T04:37:37.341Z,39.4729,-120.3198,10.76,3.1,ml,,49,0.121,0.29,us,us7000e0wz,2021-05-07T20:44:35.351Z,"13 km SSE of Sierraville, California",earthquake,1.1,7.1,0.066,30,reviewed,us,us
2021-05-07T06:30:18.621Z,38.7173,-97.0321,3,3.1,mb_lg,,90,0.505,0.31,us,us7000e0xj,2021-05-07T23:27:52.967Z,Kansas,earthquake,3.3,5.9,0.04,163,reviewed,us,us
2021-05-08T21:03:01.810Z,31.67969884,-104.415137,7.10847168,3.1,ml,31,54,0.073842733,0.3,tx,tx2021izqo,2021-05-09T10:02:26.862Z,"55 km S of Whites City, New Mexico",earthquake,0.909325763,1.230773857,0.1,18,reviewed,tx,tx
2021-05-09T19:31:40.278Z,67.6162,-158.9375,0,3.1,ml,,,,0.69,ak,ak0215xntqgv,2021-05-09T19:43:06.040Z,"75 km NW of Ambler, Alaska",earthquake,,0.6,,,automatic,ak,ak
2021-05-03T18:19:08.860Z,18.8705,-67.6595,5,3.09,md,9,201,0.5184,0.62,pr,pr2021123007,2021-05-03T19:38:17.728Z,"72 km NW of Aguadilla, Puerto Rico",earthquake,2.67,31.61,0.09,6,reviewed,pr,pr
2021-05-06T21:43:10.110Z,17.9451,-67.0035,7,3.08,md,18,227,0.0474,0.3,pr,pr2021126019,2021-05-06T22:01:37.989Z,"5 km SE of La Parguera, Puerto Rico",earthquake,0.83,0.4,0.25,13,reviewed,pr,pr
2021-05-06T21:39:07.050Z,32.9128333,-118.6066667,5.86,3.04,ml,36,245,0.477,0.24,ci,ci39643455,2021-05-08T20:59:25.040Z,"13km S of San Clemente Is. (NW tip), CA",earthquake,0.58,31.61,0.124,118,reviewed,ci,ci
2021-05-09T01:27:13.980Z,17.942,-67.0105,9,3.04,md,20,227,0.0435,0.12,pr,pr2021129000,2021-05-09T02:09:31.925Z,"5 km SE of La Parguera, Puerto Rico",earthquake,0.39,0.32,0.32,13,reviewed,pr,pr
2021-05-05T15:00:01.800Z,18.004,-66.4915,6,3.02,md,16,167,0.1127,0.21,pr,pr2021125003,2021-05-06T07:52:48.054Z,"1 km NNE of Potala Pastillo, Puerto Rico",earthquake,0.48,0.4,0.13,7,reviewed,pr,pr
2021-05-05T11:24:38.930Z,31.453,-115.722,19.41,3.01,ml,8,120,0.08112,0.16,ci,ci39641175,2021-05-05T14:45:47.193Z,"85km ESE of Maneadero, B.C., MX",earthquake,0.73,0.83,0.176,56,reviewed,ci,ci
2021-05-04T07:31:51.060Z,58.4374,-154.9168,3.1,3,ml,,,,0.61,ak,ak0215p6ztlm,2021-05-08T23:18:07.040Z,"100 km NNW of Karluk, Alaska",earthquake,,0.3,,,automatic,ak,ak
2021-05-06T09:31:13.286Z,62.0695,-148.4084,0,3,ml,,,,1.06,ak,ak0215sj9avm,2021-05-06T09:50:41.040Z,"30 km N of Chickaloon, Alaska",earthquake,,0.3,,,automatic,ak,ak
2021-05-06T13:04:24.596Z,39.7349,-98.0177,5,3,mb_lg,,81,1.261,0.73,us,us7000e0mb,2021-05-06T15:25:54.879Z,"5 km SSW of Formoso, Kansas",earthquake,3.2,2,0.05,106,reviewed,us,us
2021-05-06T21:35:14.360Z,58.4439,-151.104,0.5,3,ml,,,,0.74,ak,ak0215sqfd3b,2021-05-06T21:46:33.040Z,"100 km NE of Ouzinkie, Alaska",earthquake,,0.9,,,automatic,ak,ak
2021-05-07T01:00:06.418Z,61.9804,-149.9019,35.2,3,ml,,,,0.77,ak,ak0215u1uise,2021-05-08T01:02:49.342Z,"20 km S of Susitna North, Alaska",earthquake,,3.9,,,automatic,ak,ak
2021-05-08T16:26:01.073Z,31.67078888,-104.3340399,7.082763672,3,ml,28,57,0.107150343,0.2,tx,tx2021izhk,2021-05-08T16:42:30.171Z,"56 km S of Whites City, New Mexico",earthquake,1.130300114,1.573295321,0.1,12,reviewed,tx,tx
2021-05-09T06:10:35.249Z,31.66977849,-104.3491039,7.391259766,3,ml,29,58,0.112114105,0.2,tx,tx2021jaip,2021-05-09T06:26:08.146Z,"56 km S of Whites City, New Mexico",earthquake,1.292268295,1.807962538,0.1,15,reviewed,tx,tx
2021-05-09T07:04:34.123Z,56.1164,-153.3155,22.2,3,ml,,,,0.68,ak,ak0215xgiple,2021-05-09T07:31:05.440Z,"106 km SSE of Akhiok, Alaska",earthquake,,1.1,,,automatic,ak,ak
2021-05-09T01:45:37.690Z,17.9475,-67.0183,9,2.99,md,21,221,0.034,0.23,pr,pr2021129001,2021-05-09T02:15:21.610Z,"4 km SE of La Parguera, Puerto Rico",earthquake,0.65,0.44,0.32,16,reviewed,pr,pr
2021-05-09T05:34:49.350Z,17.9528,-67.0145,8,2.99,md,20,216,0.0341,0.09,pr,pr2021129002,2021-05-09T06:10:30.621Z,"4 km SE of La Parguera, Puerto Rico",earthquake,0.33,0.41,0.3,15,reviewed,pr,pr
2021-05-08T06:33:15.820Z,19.18183327,-155.4745026,31.75,2.98,ml,52,84,,0.129999995,hv,hv72459517,2021-05-09T06:35:03.199Z,"2 km S of Pāhala, Hawaii",earthquake,0.49,0.75,3.56,36,automatic,hv,hv
2021-05-08T03:47:24.220Z,17.9543,-67.0115,9,2.96,md,21,212,0.036,0.09,pr,pr2021128002,2021-05-08T04:23:26.108Z,"4 km ESE of La Parguera, Puerto Rico",earthquake,0.33,0.32,0.29,15,reviewed,pr,pr
2021-05-06T21:42:02.850Z,17.9441,-67.0153,11,2.94,md,23,221,0.0384,0.11,pr,pr2021126020,2021-05-06T22:27:58.430Z,"4 km SE of La Parguera, Puerto Rico",earthquake,0.51,0.27,0.32,16,reviewed,pr,pr
2021-05-04T06:03:32.540Z,17.9175,-67.0198,12,2.93,md,22,237,0.0574,0.12,pr,pr2021124001,2021-05-04T07:36:29.430Z,"6 km SSE of La Parguera, Puerto Rico",earthquake,0.43,0.24,0.26,12,reviewed,pr,pr
2021-05-04T23:19:05.490Z,17.953,-66.9573,9,2.92,md,18,198,0.0885,0.18,pr,pr2021124010,2021-05-04T23:35:34.410Z,"5 km WSW of Guánica, Puerto Rico",earthquake,0.47,0.64,0.14,15,reviewed,pr,pr
2021-05-06T13:20:32.880Z,17.9508,-67.0093,9,2.92,md,21,215,0.0396,0.22,pr,pr2021126016,2021-05-06T17:03:23.673Z,"4 km SE of La Parguera, Puerto Rico",earthquake,0.59,0.77,0.27,12,reviewed,pr,pr
2021-05-09T16:02:36.720Z,17.9403,-67.0045,8,2.92,md,22,221,0.0493,0.13,pr,pr2021129009,2021-05-09T16:25:38.620Z,"5 km SE of La Parguera, Puerto Rico",earthquake,0.38,0.58,0.18,18,reviewed,pr,pr
2021-05-04T14:16:22.590Z,31.2985,-115.6463333,13.99,2.91,ml,9,194,0.1498,0.14,ci,ci37473717,2021-05-07T22:54:15.771Z,"99km ESE of Maneadero, B.C., MX",earthquake,0.85,0.53,0.125,10,reviewed,ci,ci
2021-05-05T13:34:53.297Z,51.4324,-178.7734,24.4,2.9,ml,,,,0.86,ak,ak0215qy4ey0,2021-05-06T22:20:22.920Z,"155 km WSW of Adak, Alaska",earthquake,,1.1,,,reviewed,ak,ak
2021-05-09T13:16:14.870Z,38.0836678,-118.75383,2.2,2.9,ml,37,82,0.2579,0.08,nc,nc73560190,2021-05-09T17:25:10.591Z,"27km ESE of Bodie, CA",earthquake,0.25,2.18,0.309,13,automatic,nc,nc
2021-05-04T07:37:40.380Z,40.852,-124.2635,24.22,2.84,ml,25,192,0.114,0.15,nc,nc73557950,2021-05-08T23:20:24.040Z,"11km NW of Eureka, CA",earthquake,0.58,0.51,0.16,12,reviewed,nc,nc
2021-05-05T13:06:28.850Z,39.3763333,-123.2616667,4.3,2.82,md,61,36,0.06487,0.09,nc,nc73558425,2021-05-06T04:05:09.811Z,"9km ESE of Willits, CA",earthquake,0.1,0.41,0.153,60,reviewed,nc,nc
2021-05-07T23:06:05.130Z,17.9336,-66.8438,13,2.82,md,22,194,0.2036,0.16,pr,pr2021127004,2021-05-08T00:33:14.923Z,"6 km SE of Maria Antonia, Puerto Rico",earthquake,0.56,0.32,0.14,16,reviewed,pr,pr
2021-05-09T12:23:38.700Z,18.0968,-68.291,81,2.81,md,14,187,0.4268,0.36,pr,pr2021129008,2021-05-09T12:57:41.618Z,"45 km SE of Boca de Yuma, Dominican Republic",earthquake,2.28,1.53,0.44,4,reviewed,pr,pr
2021-05-03T16:25:09.353Z,64.9604,-154.1908,10,2.8,ml,,59,0.787,0.54,us,us7000dzqh,2021-05-03T17:02:34.040Z,"66 km ENE of Ruby, Alaska",earthquake,2.8,2,0.043,70,reviewed,us,us
2021-05-03T17:40:21.691Z,53.1333,-164.6332,10,2.8,ml,,219,1.211,0.48,us,us7000dzuq,2021-05-04T21:45:04.040Z,"134 km SSE of Akutan, Alaska",earthquake,4.3,2,0.115,10,reviewed,us,us
2021-05-04T02:46:18.599Z,56.2127,-156.3141,34.6,2.8,ml,,,,0.37,ak,ak0215p43sqr,2021-05-05T00:14:42.040Z,Alaska Peninsula,earthquake,,3.9,,,automatic,ak,ak
2021-05-04T09:13:18.286Z,67.6161,-158.9419,0,2.8,ml,,,,0.73,ak,ak0215p82rcf,2021-05-04T10:05:27.040Z,"75 km NW of Ambler, Alaska",earthquake,,1,,,automatic,ak,ak
2021-05-05T03:08:28.360Z,65.0879,-166.9412,13.42,2.8,ml,,158,0.629,0.77,us,us7000e08j,2021-05-05T22:36:07.040Z,"19 km SSW of Port Clarence, Alaska",earthquake,3.1,6.5,0.115,10,reviewed,us,us
2021-05-06T10:17:54.008Z,67.594,-159.086,2,2.8,ml,,,,0.78,ak,ak0215sjrtkn,2021-05-07T06:56:57.040Z,"77 km NW of Ambler, Alaska",earthquake,,1.2,,,automatic,ak,ak
2021-05-07T14:13:54.641Z,28.43353271,-100.123966,7.214152018,2.8,ml,11,65,0.652034137,0.3,tx,tx2021ixhp,2021-05-07T20:09:54.040Z,"20 km ESE of El Indio, Texas",earthquake,2.254290329,1.907701726,0.1,6,reviewed,tx,tx
2021-05-07T14:20:49.482Z,42.0416,-125.9267,10,2.8,ml,,249,1.543,0.94,us,us7000e11r,2021-05-07T19:52:51.040Z,"129 km WSW of Pistol River, Oregon",earthquake,7.7,2,0.044,67,reviewed,us,us
2021-05-07T17:36:14.541Z,60.0989,-152.8381,101.8,2.8,ml,,,,0.61,ak,ak0215ubl6w3,2021-05-07T17:43:38.761Z,"63 km WNW of Happy Valley, Alaska",earthquake,,0.3,,,automatic,ak,ak
2021-05-08T15:25:48.647Z,67.6584,-162.7667,15,2.8,ml,,,,0.76,ak,ak0215vxvdyj,2021-05-08T16:19:47.040Z,"12 km NE of Noatak, Alaska",earthquake,,0.7,,,automatic,ak,ak
2021-05-08T15:32:48.670Z,17.99,-66.9665,6,2.8,md,19,172,0.0804,0.22,pr,pr2021128012,2021-05-08T15:48:49.838Z,"5 km W of Fuig, Puerto Rico",earthquake,0.49,0.27,0.14,13,reviewed,pr,pr
2021-05-09T07:21:17.070Z,17.9531,-66.9378,12,2.8,md,20,196,0.1077,0.11,pr,pr2021129005,2021-05-09T08:13:59.805Z,"3 km WSW of Guánica, Puerto Rico",earthquake,0.45,0.33,0.38,18,reviewed,pr,pr
2021-05-09T07:47:30.283Z,31.66158453,-104.3361165,6.157275391,2.8,ml,26,60,0.116516224,0.3,tx,tx2021jalv,2021-05-09T08:08:46.965Z,"57 km S of Whites City, New Mexico",earthquake,1.407433489,1.718020091,0.1,12,reviewed,tx,tx
2021-05-09T15:00:10.423Z,31.7283293,-104.5251979,6.054443359,2.8,ml,28,79,0.026354806,0.3,tx,tx2021jbac,2021-05-09T15:36:01.040Z,"51 km SSW of Whites City, New Mexico",earthquake,2.020642232,0.911527968,0.1,14,reviewed,tx,tx
2021-05-09T15:03:36.215Z,62.5983,-152.0339,109.5,2.8,ml,,,,0.7,ak,ak0215xl9zn1,2021-05-09T15:36:55.040Z,"66 km W of Petersville, Alaska",earthquake,,0.4,,,automatic,ak,ak
2021-05-09T17:28:21.565Z,60.2409,-147.216,20,2.8,ml,,,,0.69,ak,ak0215xmm6pe,2021-05-09T17:35:56.040Z,"48 km ENE of Chenega, Alaska",earthquake,,0.5,,,automatic,ak,ak
2021-05-05T01:38:49.280Z,17.9846,-66.5783,6,2.78,md,17,174,0.0646,0.2,pr,pr2021125001,2021-05-05T10:55:47.616Z,"5 km ESE of Ponce, Puerto Rico",earthquake,0.45,0.31,0.11,9,reviewed,pr,pr
2021-05-05T22:14:56.980Z,34.0363333,-116.6355,10.04,2.78,ml,111,19,0.01057,0.15,ci,ci39642223,2021-05-06T17:24:56.780Z,"5km WSW of Morongo Valley, CA",earthquake,0.09,0.22,0.157,157,reviewed,ci,ci
2021-05-04T22:14:14.870Z,17.9218,-66.8153,13,2.77,md,22,197,0.2338,0.16,pr,pr2021124009,2021-05-04T22:30:56.672Z,"8 km S of Indios, Puerto Rico",earthquake,0.58,0.39,0.15,20,reviewed,pr,pr
2021-05-03T04:02:05.840Z,17.8,-66.8556,2,2.76,md,12,267,0.3273,0.17,pr,pr2021123003,2021-05-03T06:58:26.154Z,"19 km SSE of Guánica, Puerto Rico",earthquake,0.71,0.53,0.25,6,reviewed,pr,pr
2021-05-04T21:38:50.160Z,40.4223333,-124.6793333,23.17,2.76,md,25,237,0.2662,0.09,nc,nc73558175,2021-05-04T23:56:07.276Z,"35km WNW of Petrolia, CA",earthquake,0.78,0.76,0.206,41,reviewed,nc,nc
2021-05-05T09:55:21.870Z,36.5573333,-117.9991667,7.37,2.76,ml,31,40,0.06566,0.22,ci,ci39641143,2021-05-06T01:52:01.397Z,"7km ESE of Lone Pine, CA",earthquake,0.24,0.72,0.176,81,reviewed,ci,ci
2021-05-06T17:32:59.060Z,35.6428333,-117.4543333,6.87,2.74,ml,44,97,0.05657,0.13,ci,ci39643023,2021-05-06T23:02:40.870Z,"15km SSW of Searles Valley, CA",earthquake,0.14,0.37,0.148,25,reviewed,ci,ci
2021-05-05T08:21:23.890Z,17.9486,-66.918,13,2.72,md,19,208,0.1279,0.19,pr,pr2021125002,2021-05-05T08:43:17.517Z,"2 km SSW of Guánica, Puerto Rico",earthquake,0.72,0.31,0.23,7,reviewed,pr,pr
2021-05-07T14:22:15.290Z,19.2035,-155.4633333,36.34,2.72,md,59,103,,0.11,hv,hv72458642,2021-05-08T03:36:04.500Z,"1 km E of Pāhala, Hawaii",earthquake,0.45,0.53,0.135038916,27,reviewed,hv,hv
2021-05-06T09:06:19.020Z,17.879,-66.8455,12,2.71,md,17,242,0.2183,0.15,pr,pr2021126009,2021-05-06T09:22:07.175Z,"11 km SSE of Maria Antonia, Puerto Rico",earthquake,0.68,0.48,0.09,6,reviewed,pr,pr
2021-05-09T09:32:08.020Z,17.9306,-67.01,9,2.71,md,21,228,0.0518,0.13,pr,pr2021129007,2021-05-09T11:08:54.473Z,"6 km SE of La Parguera, Puerto Rico",earthquake,0.51,0.56,0.16,18,reviewed,pr,pr
2021-05-04T04:15:22.806Z,-20.6775,-70.2514,65.78,2.7,ml,,179,0.129,0.45,us,us7000dzwm,2021-05-05T00:33:33.374Z,"52 km SSW of Iquique, Chile",earthquake,5.8,9.6,0.081,20,reviewed,us,us
2021-05-05T01:09:27.667Z,58.5168,-156.014,182.8,2.7,ml,,,,0.86,ak,ak0215qqtszo,2021-05-05T01:23:37.216Z,"42 km ESE of King Salmon, Alaska",earthquake,,0.3,,,automatic,ak,ak
2021-05-05T18:33:16.033Z,38.1275,-117.9813,5.9,2.7,ml,20,99.95,0.335,0.1038,nn,nn00806578,2021-05-05T20:05:50.396Z,"31 km SSE of Mina, Nevada",earthquake,,1.5,0.5,6,reviewed,nn,nn
2021-05-05T23:49:59.182Z,61.5039,-150.5295,50.6,2.7,ml,,,,0.79,ak,ak0215r45z7e,2021-05-06T00:12:17.040Z,"4 km SSW of Susitna, Alaska",earthquake,,0.7,,,automatic,ak,ak
2021-05-06T07:55:57.776Z,71.9594,-148.5538,10,2.7,ml,,218,2.375,0.49,us,us7000e0kc,2021-05-08T05:07:24.040Z,"190 km N of Prudhoe Bay, Alaska",earthquake,9.9,2,0.074,24,reviewed,us,us
2021-05-07T15:59:45.208Z,63.2109,-150.3951,118,2.7,ml,,,,0.41,ak,ak0215uajbic,2021-05-07T20:01:32.040Z,"75 km WSW of Cantwell, Alaska",earthquake,,0.5,,,automatic,ak,ak
2021-05-07T17:59:18.493Z,68.1233,-157.7651,16.2,2.7,ml,,,,0.61,ak,ak0215ubq4i9,2021-05-07T20:03:04.040Z,"115 km N of Ambler, Alaska",earthquake,,6.5,,,automatic,ak,ak
2021-05-08T02:45:59.744Z,39.7193,-98.3833,5,2.7,mb_lg,,84,1.319,0.25,us,us7000e18l,2021-05-08T03:00:26.040Z,"12 km SSE of Esbon, Kansas",earthquake,2.7,2,0.056,82,reviewed,us,us
2021-05-08T09:21:59.400Z,44.5384,-115.2512,10,2.7,ml,,65,0.386,0.48,us,us7000e1aj,2021-05-08T22:14:59.950Z,"43 km NW of Stanley, Idaho",earthquake,3.5,2,0.055,44,reviewed,us,us
2021-05-09T02:26:11.745Z,61.4972,-140.5505,5,2.7,ml,,93,0.693,1,us,us7000e1gy,2021-05-09T02:41:50.040Z,"126 km E of McCarthy, Alaska",earthquake,1.7,2,0.048,58,reviewed,us,us
2021-05-09T08:02:35.656Z,61.4757,-140.5547,2.93,2.7,ml,,93,0.689,0.36,us,us7000e1iv,2021-05-09T09:15:00.040Z,"126 km E of McCarthy, Alaska",earthquake,1.8,11.5,0.06,36,reviewed,us,us
2021-05-07T22:50:56.820Z,17.9415,-67.0205,9,2.68,md,18,233,0.0366,0.11,pr,pr2021127003,2021-05-09T00:21:39.040Z,"4 km SE of La Parguera, Puerto Rico",earthquake,0.44,0.29,0.51,12,reviewed,pr,pr
2021-05-04T07:07:21.710Z,19.21016667,-155.41,34.59,2.65,md,58,149,,0.11,hv,hv72453882,2021-05-08T23:16:04.040Z,"7 km E of Pāhala, Hawaii",earthquake,0.43,0.51,0.126283371,26,reviewed,hv,hv
2021-05-05T14:58:49.970Z,36.197,-120.3108333,10.48,2.65,md,54,90,0.07277,0.09,nc,nc73558495,2021-05-06T07:56:01.777Z,"8km NE of Coalinga, CA",earthquake,0.25,0.2,0.131,96,reviewed,nc,nc
2021-05-06T01:38:18.540Z,17.9621,-66.9623,7,2.64,md,20,190,0.0822,0.17,pr,pr2021126000,2021-05-06T01:54:10.565Z,"5 km WSW of Fuig, Puerto Rico",earthquake,0.46,0.3,0.14,17,reviewed,pr,pr
2021-05-03T11:44:31.040Z,18.0498,-66.7978,14,2.63,md,13,118,0.1917,0.22,pr,pr2021123004,2021-05-03T12:02:16.759Z,"3 km N of Guayanilla, Puerto Rico",earthquake,0.54,1.5,0.16,7,reviewed,pr,pr
2021-05-03T21:52:08.580Z,37.4921667,-119.3746667,11.21,2.63,md,34,83,0.1938,0.09,nc,nc73557800,2021-05-07T07:13:50.511Z,"30km NE of Oakhurst, CA",earthquake,0.35,1.16,0.197,53,reviewed,nc,nc
2021-05-06T18:21:50.650Z,17.9213,-67.005,8,2.63,md,10,239,0.0621,0.15,pr,pr2021126018,2021-05-06T18:33:08.627Z,"7 km SE of La Parguera, Puerto Rico",earthquake,0.55,0.64,0.12,9,reviewed,pr,pr
2021-05-07T07:27:01.800Z,36.1253319,-120.7001648,4.26,2.63,md,31,130,0.02532,0.12,nc,nc73559310,2021-05-07T14:44:05.349Z,"22km ENE of San Ardo, CA",earthquake,0.34,0.95,0.13,35,automatic,nc,nc
2021-05-03T18:08:02.260Z,17.8581,-66.8295,6,2.62,md,17,221,0.2419,0.2,pr,pr2021123005,2021-05-03T19:04:39.731Z,"14 km SSE of Maria Antonia, Puerto Rico",earthquake,0.61,0.43,0.25,15,reviewed,pr,pr
2021-05-03T04:24:11.612Z,65.1242,-149.4251,16.8,2.6,ml,,,,0.5,ak,ak0215nhml8w,2021-05-03T04:52:35.040Z,"4 km SW of Minto, Alaska",earthquake,,0.2,,,automatic,ak,ak
2021-05-03T16:24:54.232Z,64.9348,-154.1748,12.5,2.6,ml,,,,0.59,ak,ak0215norvtg,2021-05-03T18:20:10.040Z,"65 km ENE of Ruby, Alaska",earthquake,,0.3,,,reviewed,ak,ak
2021-05-03T16:34:59.745Z,38.1937,-117.7303,6.9,2.6,ml,23,72.73,0.036,0.1395,nn,nn00806372,2021-05-03T18:27:39.040Z,"39 km ESE of Mina, Nevada",earthquake,,0.8,0.13,9,reviewed,nn,nn
2021-05-04T14:37:33.647Z,61.1851,-147.7659,7.5,2.6,ml,,,,0.77,ak,ak0215pb73sw,2021-05-04T15:16:45.040Z,"67 km NE of Whittier, Alaska",earthquake,,0.2,,,automatic,ak,ak
2021-05-04T17:36:03.486Z,38.1919,-117.7317,6.7,2.6,ml,24,121.13,0.038,0.1094,nn,nn00806459,2021-05-04T18:34:09.040Z,"39 km SE of Mina, Nevada",earthquake,,0.9,0.25,10,reviewed,nn,nn
2021-05-05T01:30:24.616Z,61.6452,-150.9468,59.8,2.6,ml,,,,0.7,ak,ak0215qqyans,2021-05-05T01:53:59.040Z,"25 km WNW of Susitna, Alaska",earthquake,,0.6,,,automatic,ak,ak
2021-05-07T23:59:43.900Z,39.1208344,-120.0285034,4.86,2.6,md,14,100,0.1152,0.08,nc,nc73559705,2021-05-08T23:01:50.744Z,"10km SE of Dollar Point, CA",earthquake,0.35,1.35,0.24,12,automatic,nc,nc
2021-05-08T00:35:56.180Z,17.918,-66.8421,7,2.6,md,23,199,0.2086,0.1,pr,pr2021128000,2021-05-08T02:05:38.653Z,"8 km SE of Maria Antonia, Puerto Rico",earthquake,0.32,0.36,0.43,21,reviewed,pr,pr
2021-05-08T15:33:17.475Z,68.1246,-157.7574,7.7,2.6,ml,,,,0.67,ak,ak0215vxx173,2021-05-08T16:32:34.040Z,"115 km N of Ambler, Alaska",earthquake,,0.5,,,automatic,ak,ak
2021-05-09T20:00:35.196Z,63.0652,-150.4026,96.1,2.6,ml,,,,0.69,ak,ak0215xo8igp,2021-05-09T20:14:17.626Z,"66 km NNE of Petersville, Alaska",earthquake,,0.5,,,automatic,ak,ak
2021-05-03T03:44:55.550Z,17.8041,-66.8618,3,2.58,md,14,265,0.3199,0.11,pr,pr2021123002,2021-05-03T05:34:46.665Z,"19 km SSE of Guánica, Puerto Rico",earthquake,0.47,0.35,0.12,9,reviewed,pr,pr
2021-05-04T03:55:41.030Z,19.21666667,-155.4493333,34.27,2.58,md,58,115,,0.1,hv,hv72453677,2021-05-05T00:30:49.040Z,"Island of Hawaii, Hawaii",earthquake,0.41,0.5,0.152431904,26,reviewed,hv,hv
2021-05-06T01:54:34.620Z,17.9136,-66.9091,9,2.58,md,18,220,0.1462,0.12,pr,pr2021126002,2021-05-06T02:19:00.915Z,"6 km S of Guánica, Puerto Rico",earthquake,0.47,0.67,0.21,9,reviewed,pr,pr
2021-05-06T08:50:59.410Z,17.9175,-66.9468,12,2.58,md,19,232,0.1104,0.11,pr,pr2021126008,2021-05-06T09:22:40.967Z,"7 km SW of Guánica, Puerto Rico",earthquake,0.61,0.38,0.13,8,reviewed,pr,pr
2021-05-04T19:23:52.850Z,33.8366667,-118.4671667,12.93,2.57,ml,76,65,0.09261,0.22,ci,ci39640575,2021-05-09T03:07:05.591Z,"7km WSW of Hermosa Beach, CA",earthquake,0.26,0.4,0.199,25,reviewed,ci,ci
2021-05-06T13:01:20.590Z,17.9528,-67.0063,9,2.57,md,13,219,0.0414,0.11,pr,pr2021126015,2021-05-06T16:44:47.490Z,"4 km ESE of La Parguera, Puerto Rico",earthquake,0.45,0.36,0.3,11,reviewed,pr,pr
2021-05-08T09:44:27.090Z,17.9308,-66.8693,12,2.57,md,18,209,0.1791,0.17,pr,pr2021128006,2021-05-08T11:12:32.497Z,"5 km SSE of Maria Antonia, Puerto Rico",earthquake,0.61,0.45,0.14,12,reviewed,pr,pr
2021-05-05T02:15:37.760Z,17.9585,-66.8353,7,2.56,md,16,185,0.2092,0.23,pr,pr2021125000,2021-05-05T02:33:31.773Z,"4 km SSW of Indios, Puerto Rico",earthquake,0.61,1.08,0.17,6,reviewed,pr,pr
2021-05-09T06:34:16.420Z,37.2961655,-119.9756699,20.86,2.56,md,10,76,0.1608,0.14,nc,nc73560100,2021-05-10T00:12:48.055Z,"20km SSW of Bootjack, CA",earthquake,0.64,0.73,0.22,10,automatic,nc,nc
2021-05-04T13:31:45.100Z,35.732,-116.6118333,1.12,2.55,ml,21,63,0.3207,0.18,ci,ci39640111,2021-05-05T12:57:53.331Z,"37km WSW of Tecopa, CA",earthquake,0.28,1.07,0.124,106,reviewed,ci,ci
2021-05-07T07:21:26.510Z,17.9591,-66.953,5,2.55,md,16,192,0.0918,0.14,pr,pr2021127001,2021-05-07T08:06:00.372Z,"4 km WSW of Guánica, Puerto Rico",earthquake,0.4,0.27,0.42,14,reviewed,pr,pr
2021-05-08T10:13:34.130Z,17.9026,-66.8786,15,2.55,md,20,232,0.1786,0.26,pr,pr2021128007,2021-05-08T11:12:07.976Z,"8 km SSE of Guánica, Puerto Rico",earthquake,0.72,0.79,0.11,10,reviewed,pr,pr
2021-05-08T21:14:20.590Z,35.927,-83.9898333,22.91,2.55,md,20,77,0.2457,0.2,se,se60355576,2021-05-10T01:34:01.023Z,"7 km WSW of Knoxville, Tennessee",earthquake,0.39,0.92,0.081,17,reviewed,se,se
2021-05-09T09:37:57.600Z,33.8496667,-118.4521667,10.28,2.54,ml,70,121,0.1023,0.27,ci,ci39645791,2021-05-10T00:36:16.582Z,"5km WSW of Hermosa Beach, CA",earthquake,0.41,0.65,0.25,26,automatic,ci,ci
2021-05-03T22:44:56.010Z,19.21183333,-155.4131667,34.84,2.52,md,56,146,,0.12,hv,hv72453377,2021-05-06T21:30:54.040Z,"6 km E of Pāhala, Hawaii",earthquake,0.45,0.53,0.146678793,25,reviewed,hv,hv
2021-05-05T17:50:38.400Z,17.956,-66.938,4,2.52,md,16,208,0.1071,0.25,pr,pr2021125005,2021-05-05T23:27:30.287Z,"3 km WSW of Guánica, Puerto Rico",earthquake,0.59,0.43,0.17,10,reviewed,pr,pr
2021-05-06T01:42:08.670Z,17.9535,-66.9036,13,2.52,md,9,205,0.1415,0.06,pr,pr2021126001,2021-05-06T02:09:44.132Z,"2 km SSE of Guánica, Puerto Rico",earthquake,0.49,0.63,0.1,5,reviewed,pr,pr
2021-05-06T13:18:34.070Z,39.1263333,-120.0328333,7.85,2.52,md,15,65,0.1088,0.1,nc,nc73558875,2021-05-07T23:48:50.274Z,"9km SE of Dollar Point, CA",earthquake,0.31,0.74,0.094,28,reviewed,nc,nc
2021-05-06T20:04:47.010Z,35.8765,-117.6955,7.98,2.51,ml,44,25,0.08011,0.13,ci,ci39643303,2021-05-07T20:22:39.440Z,"20km ESE of Little Lake, CA",earthquake,0.12,0.35,0.111,25,reviewed,ci,ci
2021-05-09T22:45:05.780Z,19.30400085,-155.5011597,24.35000038,2.51,ml,9,166,,0.140000001,hv,hv72461742,2021-05-09T22:50:35.450Z,"11 km NNW of Pāhala, Hawaii",earthquake,1.98,3.17000008,0.47,3,automatic,hv,hv
2021-05-03T22:42:52.620Z,19.21066667,-155.411,34.44,2.5,md,55,148,,0.11,hv,hv72453372,2021-05-06T21:26:37.040Z,"7 km E of Pāhala, Hawaii",earthquake,0.47,0.54,0.220231626,23,reviewed,hv,hv
2021-05-04T12:30:32.308Z,62.517,-148.7849,17.9,2.5,ml,,,,0.87,ak,ak0215p9yqim,2021-05-04T12:50:26.008Z,"67 km NE of Susitna North, Alaska",earthquake,,0.5,,,automatic,ak,ak
2021-05-05T10:44:38.699Z,31.98303223,-102.3111185,7.287516276,2.5,ml,22,53,0.030525106,0.2,tx,tx2021itjq,2021-05-05T14:49:03.836Z,"7 km ESE of Gardendale, Texas",earthquake,0.636828707,0.540159597,0.1,10,reviewed,tx,tx
2021-05-05T14:17:45.194Z,38.1999,-117.7233,6.2,2.5,ml,18,97.72,0.124,0.1295,nn,nn00806566,2021-05-05T15:39:33.145Z,"39 km ESE of Mina, Nevada",earthquake,,3.5,0.24,4,reviewed,nn,nn
2021-05-08T04:41:07.043Z,60.2559,-151.2203,34.4,2.5,ml,,,,0.72,ak,ak0215vreyie,2021-05-08T04:53:49.040Z,"Kenai Peninsula, Alaska",earthquake,,334.2,,,automatic,ak,ak
2021-05-08T08:29:11.020Z,40.4071667,-124.3438333,28.87,2.5,md,18,185,0.0685,0.12,nc,nc73559835,2021-05-09T05:05:59.040Z,"10km NNW of Petrolia, CA",earthquake,0.47,0.65,0.384,28,reviewed,nc,nc
2021-05-08T23:24:31.140Z,67.3759,-165.0493,8.4,2.5,ml,,,,1.13,ak,ak0215w2mlpm,2021-05-09T00:00:49.040Z,"44 km SSW of Kivalina, Alaska",earthquake,,0.8,,,automatic,ak,ak
2021-05-09T03:09:53.877Z,61.4889,-140.6352,5,2.5,ml,,92,0.657,0.9,us,us7000e1h7,2021-05-09T03:24:41.040Z,"122 km E of McCarthy, Alaska",earthquake,2.1,2,0.051,50,reviewed,us,us
2021-05-09T07:34:35.490Z,17.9523,-66.9686,9,2.5,md,18,196,0.0775,0.08,pr,pr2021129006,2021-05-09T08:29:57.772Z,"6 km WSW of Guánica, Puerto Rico",earthquake,0.37,0.51,0.29,5,reviewed,pr,pr
2021-05-09T10:43:53.110Z,38.6857,-96.9861,5,2.5,mb_lg,,111,0.508,0.99,us,us7000e1jv,2021-05-09T11:01:46.040Z,"4 km WNW of Herington, Kansas",earthquake,2.5,2,0.085,36,reviewed,us,us
2021-05-09T12:23:38.508Z,19.1992,-68.1387,35,2.5,ml,,208,0.718,0.61,us,us7000e1kd,2021-05-09T12:38:35.040Z,"73 km NNE of Punta Cana, Dominican Republic",earthquake,2.4,2,0.071,26,reviewed,us,us